versionNumber,creationDate,fileName,md5
48,1701886503,pred_not_the-1701886503.csv,7bc2121ff67cda7fd60578d6bfcc33b4
47,1701435092,pred_not_the-1701435092.csv,7bc2121ff67cda7fd60578d6bfcc33b4
46,1701433453,pred_not_the-1701433453.csv,7bc2121ff67cda7fd60578d6bfcc33b4
45,1701433129,pred_not_the-1701433129.csv,7bc2121ff67cda7fd60578d6bfcc33b4
44,1701379607,pred_not_the-1701379607.csv,7bc2121ff67cda7fd60578d6bfcc33b4
43,1701360471,pred_not_the-1701360471.csv,7bc2121ff67cda7fd60578d6bfcc33b4
42,1701342879,pred_not_the-1701342879.csv,7bc2121ff67cda7fd60578d6bfcc33b4
41,1701253191,pred_not_the-1701253191.csv,7bc2121ff67cda7fd60578d6bfcc33b4
40,1700233164,pred_not_the-1700233164.csv,7bc2121ff67cda7fd60578d6bfcc33b4
39,1700225969,pred_not_the-1700225969.csv,d5b713bcec6a9fbd6e83c528a5dcb6b2
38,1700224531,pred_not_the-1700224531.csv,d2e25e0825e1ac423f95e450722df1c6
37,1700223938,pred_not_the-1700223938.csv,b4e97b357cb48b987cb29c2ed46d2639
36,1700223938,pred_not_the-1700223938.csv,eda5a97c076710fa610f61e27f243a5b
35,1700223938,pred_not_the-1700223938.csv,e5e17e8460caea4561cabfdf8eedbe52
34,1700223938,pred_not_the-1700223938.csv,f1feadd66cef753274cd11e50c8f742d
33,1700223937,pred_not_the-1700223937.csv,10c5b27a5c0097652cad47addf7dced5
32,1700223937,pred_not_the-1700223937.csv,4f4c7284b8d3b985f5286138fcba8db3
31,1700223937,pred_not_the-1700223937.csv,33fdfcd09e021e6e7a6fd3d1c36ba83e
30,1700223937,pred_not_the-1700223937.csv,5734b206e28707958176804bb5db2f81
29,1700223937,pred_not_the-1700223937.csv,433cd995c005dd0909075fb498b0791f
28,1700223937,pred_not_the-1700223937.csv,66f9be0b30e8582ae88eb4e4c8347a32
27,1700223937,pred_not_the-1700223937.csv,c8e369ee5068dfad39661713db0021c6
26,1700223936,pred_not_the-1700223936.csv,5f779b1ec6c14a8d4d0aa77e023a84a5
25,1700223936,pred_not_the-1700223936.csv,98c6c8d9faa60746d943f57383677f25
24,1700223936,pred_not_the-1700223936.csv,5715f04d6b29a2d502502ec0d0e98704
23,1700223936,pred_not_the-1700223936.csv,cc7fbbb7d21b4d56ddd945b6184bf287
22,1700223936,pred_not_the-1700223936.csv,03f1a7f01bb687516080d3e23549d764
21,1700223936,pred_not_the-1700223936.csv,fdc5ff0dd83c327e9e2b609e169a2734
20,1700223936,pred_not_the-1700223936.csv,5b5143bee96861d7d47f0bd7c8f76c1c
19,1700223936,pred_not_the-1700223936.csv,9e3ac1ad3207712907df327d703e9270
18,1700223935,pred_not_the-1700223935.csv,4d3e68f3e7dc3474271880fff9193080
17,1700223935,pred_not_the-1700223935.csv,da4f97b96d201fc60bd3d5cece83bc21
16,1700162210,pred_not_the-1700162210.csv,9a562f9d40db2ef653b4c26ee2b5eb36
15,1699609711,pred_not_the-1699609711.csv,9a562f9d40db2ef653b4c26ee2b5eb36
14,1699609706,pred_not_the-1699609706.csv,9a562f9d40db2ef653b4c26ee2b5eb36
13,1699609706,pred_not_the-1699609706.csv,954abfb6096eaed99cdfffb152eb2f72
12,1699609706,pred_not_the-1699609706.csv,ee0a66bdbc9a29a904d758394659f51d
11,1699609705,pred_not_the-1699609705.csv,5a3dcd4f200f4650f8c5361037fefca9
10,1699609705,pred_not_the-1699609705.csv,fc32386ccf7a5ef4b6216315f4ef3b56
9,1699609705,pred_not_the-1699609705.csv,6ffa4d0287ea4189dda39956bc06bae2
8,1699609705,pred_not_the-1699609705.csv,6f853794e0d6682938cd262a6acea508
7,1699609705,pred_not_the-1699609705.csv,048f4eefa47076b9758d849f3480b1fb
6,1699609705,pred_not_the-1699609705.csv,77ed6f2a2b62d271ddac7b1e6da3b00e
5,1699609705,pred_not_the-1699609705.csv,6a57d2a6a318f323b8ca03c7f4f8339b
4,1699609354,pred_not_the-1699609354.csv,45f82ab30ec4c520698d357b24fc146c
3,1699609347,pred_not_the-1699609347.csv,c3764f82ff76fc3d82ddfc1eb6c59023
2,1699609347,pred_not_the-1699609347.csv,1c33aa49c533fcd9d6a01bf3a42f6341
1,1699609271,pred_not_the-1699609271.csv,d41d8cd98f00b204e9800998ecf8427e
